episode_id,return,cost,peak_load
0,-1781.349044,141.314322,40.115568
1,-1644.590713,171.378610,42.019050
2,-1117.593516,134.232863,35.189500
3,-1270.248528,120.302866,27.888000
4,-1261.591997,155.459110,40.426000
5,-1526.861591,142.448798,41.262000
6,-2572.644280,147.572809,38.706000
7,-1744.922645,141.648958,38.364250
8,-1276.010066,150.237476,39.878000
9,-1141.139546,130.006519,45.600000
10,-1139.614229,129.243010,36.274000
11,-1288.491456,163.183652,45.122000
12,-1289.718699,151.777961,44.212000
13,-1818.673463,135.339519,40.456000
14,-1757.700068,125.213365,39.634000
15,-956.642564,157.478813,32.974000
16,-2793.686008,146.341738,49.682000
17,-1574.587353,132.284344,37.254000
18,-1620.568284,163.408084,37.267220
19,-1157.368026,159.241829,37.368000
20,-1901.785086,174.626146,40.954000
21,-1816.621319,148.540142,42.227750
22,-1322.347989,149.171963,46.954000
23,-1192.664584,135.063118,35.329026
24,-2298.348330,118.754073,39.874000
25,-1172.512970,155.971398,42.988000
26,-1757.472199,173.839336,37.124000
27,-1150.387236,134.183610,35.705500
28,-1921.789675,147.710153,36.696000
29,-1429.543676,148.151726,41.580000
30,-1212.277605,128.935185,38.282000
31,-1886.391944,138.203841,40.788000
32,-984.749877,155.234240,34.170000
33,-2517.093195,158.683839,41.012000
34,-2401.724183,152.033811,50.210000
35,-2035.762796,128.557510,42.010000
36,-1659.941058,154.654619,36.106000
37,-1590.788490,148.956883,39.238500
38,-1507.943375,139.423273,39.730000
39,-1392.433204,163.797135,41.633000
40,-1424.575859,142.181093,46.566500
41,-1486.599455,145.750377,37.090000
42,-1077.881892,142.144758,33.500000
43,-1506.100022,152.145956,38.706000
44,-1422.361454,146.149915,38.092000
45,-1268.039594,123.278088,30.756510
46,-1152.343549,143.473061,37.618000
47,-1332.585535,143.386664,37.246000
48,-1677.387924,163.171450,36.963750
49,-2119.223082,155.558477,38.856000
50,-1525.963273,155.509858,40.498000
51,-1545.565045,122.676247,36.454000
52,-1653.854003,119.471740,45.784000
53,-1217.888775,160.577707,35.168000
54,-1960.756045,156.932787,44.000000
55,-1504.138138,142.652970,37.628000
56,-1574.417063,136.825500,44.076000
57,-1379.438634,138.450642,36.016000
58,-1239.223635,136.349235,28.268500
59,-960.020441,121.592058,30.958000
60,-1538.780689,148.193436,35.885668
61,-2089.675383,160.795352,49.916000
62,-1253.493817,148.330472,33.680000
63,-1642.456619,116.424475,35.034000
64,-2117.613658,145.618426,45.202510
65,-2277.230197,131.480253,38.794000
66,-1641.985607,119.341108,41.744000
67,-870.393945,156.089010,40.814000
68,-1732.797364,157.038072,37.812000
69,-1241.345641,136.563269,39.556000
70,-1624.081599,140.873232,32.962000
71,-1492.411548,135.265086,35.244000
72,-1974.336191,129.493749,37.104000
73,-1538.972654,118.614648,40.630000
74,-1089.588959,153.080437,38.974000
75,-1548.861401,142.297921,36.454000
76,-1334.075848,148.060684,37.056000
77,-1823.833575,147.589996,43.051520
78,-2627.609864,141.988336,39.900500
79,-1145.930025,131.392924,40.454000
80,-1972.532212,128.124184,46.424000
81,-904.900110,141.168065,30.511750
82,-1417.181856,153.981080,40.594000
83,-2575.046918,157.671098,47.888791
84,-953.559908,127.149801,35.544000
85,-1668.791688,170.167073,39.306000
86,-1709.349118,150.992051,38.882000
87,-2014.987946,131.693184,42.824000
88,-1053.623780,156.549915,37.726000
89,-1364.774103,154.656198,42.776177
90,-1315.900342,153.743257,47.668000
91,-1674.343607,128.395874,41.218000
92,-782.991645,136.629427,29.814000
93,-1035.086535,140.541016,35.022000
94,-1022.790995,153.273507,33.274000
95,-1196.235645,131.286796,34.194500
96,-1194.807951,144.270971,35.302000
97,-1641.593562,166.281141,37.682000
98,-1275.354719,133.553946,38.940000
99,-1215.161123,145.435803,37.584000
100,-1486.907137,139.229437,37.018000
101,-933.390429,127.832540,36.174000
102,-1121.176098,138.556525,51.314000
103,-1046.960758,156.873666,35.692000
104,-1152.893009,134.723532,45.028000
105,-1278.562183,122.906667,40.476000
106,-1400.874764,139.801138,35.045197
107,-1824.559289,138.946778,45.234000
108,-1213.118070,133.120696,38.830000
109,-1389.824796,145.844684,43.438000
110,-1028.496068,144.818315,33.816000
111,-1830.877823,162.290009,42.598000
112,-2131.590026,124.645751,48.346000
113,-1196.548148,127.697038,44.112000
114,-1376.931507,131.166650,47.554000
115,-1107.200024,124.455101,33.500000
116,-1264.247231,145.885144,37.780000
117,-1510.094643,136.404893,34.047500
118,-1846.676478,150.695633,35.613250
119,-1648.980119,123.668809,34.578000
120,-1400.096936,137.237300,37.884000
121,-1213.519956,133.282845,30.757682
122,-1281.077411,131.157025,37.284000
123,-1343.385420,158.246988,44.796000
124,-904.211424,143.566736,32.663716
125,-2327.005220,170.683216,34.731250
126,-1432.448584,147.225556,52.676000
127,-1759.253299,134.733105,37.084000
128,-1154.413482,126.897014,41.530000
129,-1582.913770,118.589656,44.188000
130,-1055.679346,137.247971,40.275158
131,-1223.952776,147.274490,41.412000
132,-1711.302541,146.511550,39.486000
133,-1440.301438,123.783554,35.450000
134,-1234.897120,153.722320,43.442206
135,-1036.656280,139.056949,37.622000
136,-1039.494099,122.794203,34.800000
137,-1212.950658,151.362344,42.926000
138,-1400.132021,144.658103,38.012000
139,-1439.111976,148.150003,37.450000
140,-1422.239492,136.231593,31.010000
141,-1535.852275,136.359812,37.292500
142,-1138.663305,124.145238,24.988000
143,-1073.156434,138.243885,42.306000
144,-1326.047145,139.780257,43.596000
145,-1429.426223,152.013429,42.317750
146,-1817.857471,151.306488,39.898000
147,-1436.919338,132.743578,33.810000
148,-1983.042043,153.129528,41.898000
149,-788.264328,132.447781,33.730000
150,-801.786840,133.480103,31.040607
151,-1747.069270,161.397554,39.722000
152,-984.395390,132.648955,35.473500
153,-1624.248798,152.620269,38.410000
154,-2008.403725,133.515091,39.062000
155,-1613.897291,142.387801,36.198000
156,-1318.225526,130.616586,37.030000
157,-1486.037009,121.851119,41.200000
158,-1625.728032,143.633094,47.896000
159,-1153.249039,157.400602,29.354000
160,-1947.379509,150.395299,42.694000
161,-1604.541443,129.165192,38.296000
162,-777.245982,141.006826,31.439343
163,-928.762789,122.493320,36.168000
164,-999.026009,124.353842,32.346250
165,-1115.636983,136.336285,31.817000
166,-1297.424003,155.938963,38.092000
167,-1276.914394,154.691641,33.326316
168,-3672.996617,146.968125,47.889500
169,-984.599356,140.634627,29.328000
170,-814.875718,130.034877,34.568000
171,-1208.051318,129.981965,34.855222
172,-1043.227614,149.621410,32.216000
173,-1195.644721,148.941804,31.337158
174,-1952.207813,138.535239,46.362000
175,-1487.817464,127.828190,38.900000
176,-981.066845,142.259284,32.986000
177,-994.206992,129.811638,37.230000
178,-982.413301,133.806132,36.506000
179,-1701.706709,148.470623,41.912000
180,-986.344838,155.877712,33.512000
181,-1395.587590,142.178860,36.328000
182,-1422.641268,111.345435,44.576177
183,-1607.445361,142.379619,38.320000
184,-1290.761118,131.500052,33.858000
185,-655.377096,120.779941,26.387677
186,-1341.711142,140.403490,33.535250
187,-1284.842654,150.463576,33.856821
188,-1379.878313,149.963610,35.221058
189,-1746.892465,143.033180,36.110000
190,-946.000532,139.628078,35.061158
191,-1784.985988,119.744495,36.605116
192,-1504.379272,107.433230,37.058000
193,-1333.144051,155.920473,36.608824
194,-1835.758936,141.448459,35.190500
195,-1490.514623,139.212289,42.168000
196,-1264.547200,143.076939,42.876000
197,-1467.849422,129.380377,34.484000
198,-927.783025,136.225808,28.432000
199,-1159.253679,116.916474,37.306000
200,-1203.451814,147.013764,31.306000
201,-1011.327099,131.086963,32.974000
202,-1531.433708,136.692259,37.500000
203,-1288.177045,131.484838,29.700000
204,-1132.568028,133.137806,35.884000
205,-1043.600275,116.650818,32.930000
206,-976.507761,137.699733,36.450000
207,-1287.273197,135.346714,39.726000
208,-1037.355434,138.919543,33.474000
209,-1741.994682,136.800882,36.419250
210,-2082.121897,129.714512,41.076000
211,-1368.138427,137.655088,43.280000
212,-1636.280923,123.946827,41.255027
213,-1116.163789,131.994694,30.450000
214,-1252.887922,158.825227,36.526000
215,-967.560363,138.421881,33.236000
216,-1685.010597,141.784963,42.080000
217,-1751.934197,124.379198,37.018000
218,-1443.498432,134.938666,40.732040
219,-1315.328801,124.256103,29.152000
220,-844.328584,122.508807,27.974000
221,-871.999949,141.090164,36.914000
222,-1524.347961,140.689128,40.731227
223,-2309.817826,152.900064,47.104000
224,-1400.429069,127.037512,30.256000
225,-919.927805,134.495690,29.356000
226,-854.834607,115.255952,36.352000
227,-1105.184433,118.673524,28.914000
228,-1013.492582,146.594338,31.120000
229,-1466.635144,157.420949,39.590527
230,-1160.970658,138.891539,33.105750
231,-2009.222163,136.063522,37.188000
232,-1089.844424,141.179648,37.712000
233,-1209.161485,113.987503,29.782000
234,-1075.088584,132.674654,41.530000
235,-1264.442776,144.753658,32.756000
236,-1212.067769,145.248039,29.660000
237,-1252.826830,143.514926,36.175520
238,-2321.369608,132.203351,41.378000
239,-860.259781,122.778493,24.511482
240,-1240.943572,118.684414,31.752000
241,-1372.702294,115.832538,40.406000
242,-1176.523924,145.585951,35.057500
243,-831.439832,143.776721,27.288000
244,-1616.435119,139.216465,38.450000
245,-1259.962803,136.704358,34.800000
246,-1520.932214,143.091040,39.643500
247,-937.696633,118.159196,34.437750
248,-795.851334,109.296444,36.806000
249,-857.431799,137.899182,30.550000
250,-1176.033969,144.165288,33.512000
251,-872.612037,136.626968,35.928000
252,-839.348726,123.396494,26.428000
253,-942.371905,127.903319,29.274000
254,-828.862877,116.196645,27.149119
255,-724.398115,128.661836,31.622000
256,-1124.683717,142.054772,37.504000
257,-1256.621006,141.525282,33.492000
258,-1289.126148,145.718035,31.330850
259,-771.230704,122.901332,33.131500
260,-1051.656166,129.026736,32.659307
261,-954.655931,118.031428,33.368000
262,-926.842455,119.310098,31.945290
263,-760.938234,140.529827,28.976769
264,-1188.060605,139.889663,36.212000
265,-1286.534909,131.763917,33.900000
266,-1434.463062,129.022834,43.609965
267,-1205.943676,115.988902,37.815351
268,-1466.535788,115.846315,41.754000
269,-697.827994,98.332590,31.784000
270,-1202.353980,144.961228,40.726751
271,-1293.971800,135.980042,36.252000
272,-1253.575170,139.923933,29.886000
273,-1032.885110,115.726845,32.692000
274,-1081.949345,123.500603,34.556000
275,-939.629260,115.723013,39.830000
276,-706.992738,101.895772,29.784000
277,-1261.800405,151.003807,29.447717
278,-1043.060008,125.351700,37.400000
279,-727.972546,129.331674,29.654094
280,-858.751959,111.599611,25.318000
281,-753.134100,109.797819,29.842000
282,-965.478543,114.367208,34.090000
283,-783.686230,104.202166,25.681750
284,-599.263535,126.230113,25.026000
285,-612.123752,132.650029,25.327750
286,-940.348413,116.695670,34.052000
287,-1408.989297,114.088280,33.676000
288,-783.746377,116.600047,32.492000
289,-780.446645,98.408855,24.433500
290,-1196.197561,102.970388,31.065500
291,-1018.039423,131.937581,38.326000
292,-955.167708,130.397476,27.740249
293,-831.843901,133.689331,30.869500
294,-965.883568,134.472902,28.801750
295,-853.968276,114.833471,29.533500
296,-837.037176,106.242133,23.919134
297,-774.523069,101.021691,40.584000
298,-851.775560,119.653253,30.326000
299,-1034.751950,121.906432,38.486000
300,-693.846625,117.840052,40.898000
301,-961.492972,124.087015,32.594000
302,-911.842542,121.395301,37.174000
303,-893.109193,101.603444,26.741500
304,-763.602386,107.059842,28.050000
305,-679.111940,113.047158,27.080000
306,-808.976303,118.605251,31.912000
307,-993.625468,131.473899,28.128000
308,-1061.956562,114.025104,39.102769
309,-887.007371,117.476149,29.256000
310,-810.234206,92.370776,27.499750
311,-648.039621,96.268771,26.516000
312,-1059.815642,127.121824,36.312000
313,-624.233138,130.441684,25.193750
314,-1136.484794,135.388891,31.939500
315,-875.551636,111.149287,31.234000
316,-757.913372,106.632537,25.756000
317,-830.898819,105.191859,26.848750
318,-785.043943,106.744278,29.381500
319,-785.014048,122.268054,27.753463
320,-645.787635,127.127804,25.944566
321,-722.558431,121.996855,27.732139
322,-914.887538,95.478575,30.863750
323,-894.361842,113.829225,26.773513
324,-712.750818,94.349812,26.058000
325,-1055.274884,99.036991,33.234102
326,-811.218891,119.428578,29.496952
327,-898.721877,120.324071,35.623030
328,-905.901692,114.562645,28.633750
329,-676.379761,100.237940,22.255332
330,-655.532119,100.543004,23.042000
331,-739.101019,91.754384,24.330000
332,-647.202123,80.966883,24.672099
333,-739.560589,112.575700,27.254000
334,-676.803448,116.350368,26.992000
335,-623.579089,115.834753,23.645500
336,-863.742164,97.696438,32.241500
337,-715.007154,107.097347,28.742000
338,-1042.121186,88.734236,31.019000
339,-655.082923,80.583167,29.838000
340,-705.819390,110.141101,25.524000
341,-756.659700,115.205955,27.388000
342,-626.326841,106.380117,22.931750
343,-699.853740,101.833771,28.518000
344,-850.572099,116.748098,28.674000
345,-855.064328,88.474646,25.429184
346,-612.350431,87.429504,24.650000
347,-730.512951,117.095469,28.443473
348,-793.786850,103.456880,35.552000
349,-734.054607,105.097862,27.098000
350,-683.426196,89.632261,26.076000
351,-897.251416,101.826612,29.235750
352,-815.382696,90.710417,23.642138
353,-629.137617,76.822218,20.944000
354,-640.063953,107.007999,24.474000
355,-703.776516,112.686740,23.912000
356,-633.714394,104.493861,25.928000
357,-577.263920,88.257329,23.594000
358,-587.893671,104.062360,24.804000
359,-755.379871,91.823956,30.480000
360,-717.898784,83.209302,25.943750
361,-514.364668,110.006422,19.709449
362,-562.427202,95.563501,20.028000
363,-683.989076,100.293123,23.245126
364,-1512.912485,96.908594,31.000000
365,-1213.887475,99.587644,34.620000
366,-819.563888,95.245533,26.436000
367,-737.029023,76.397984,19.275684
368,-628.355561,103.080935,24.863750
369,-679.676708,105.188666,23.266214
370,-751.202200,110.185256,31.055764
371,-870.939868,86.866805,22.194000
372,-568.298176,95.785878,22.380000
373,-738.048478,84.290132,27.082000
374,-637.623203,69.993670,17.925500
375,-805.058087,93.921859,28.726000
376,-614.920815,98.178215,24.800000
377,-696.047122,91.356178,22.412750
378,-623.991970,88.021341,22.261750
379,-529.509130,83.732643,16.891500
380,-689.305091,79.595424,18.654000
381,-679.083152,68.662185,21.185184
382,-731.374360,93.758868,22.091500
383,-891.477078,106.005897,29.928000
384,-647.921464,82.677541,19.323184
385,-698.452025,84.862164,29.952857
386,-609.802942,86.953749,19.959974
387,-661.754547,66.976219,23.630000
388,-687.870818,61.280073,19.412250
389,-700.583136,89.742928,25.911500
390,-699.863537,96.963190,18.096256
391,-800.314456,90.874643,19.401520
392,-584.559899,76.089491,20.434000
393,-762.833013,78.170248,17.063750
394,-612.097463,69.756136,20.147500
395,-655.647428,53.184131,28.884000
396,-561.675450,89.722151,21.309500
397,-643.871785,105.635993,22.939783
398,-510.268502,83.108865,17.004353
399,-613.265898,61.744924,28.576000
400,-755.689430,84.996074,18.145084
401,-763.971951,65.871135,19.891500
402,-701.757466,79.453653,20.538226
403,-734.083769,98.687662,25.053750
404,-708.157351,91.720082,19.103750
405,-522.165172,84.623262,25.898000
406,-575.299534,71.884594,22.909000
407,-738.446865,75.101158,21.953974
408,-701.187588,71.505194,21.288857
409,-798.545674,70.547188,17.037834
410,-700.308109,92.103127,24.326000
411,-734.862269,88.751339,25.715257
412,-695.454478,95.024352,23.473750
413,-740.690485,82.081326,20.950963
414,-687.826047,79.162840,19.491500
415,-891.363792,74.304331,28.940000
416,-847.938195,69.963298,22.538000
417,-773.126180,94.288274,18.775500
418,-687.820742,91.329987,16.692000
419,-634.679210,92.321344,17.598000
420,-654.101106,72.606950,18.715500
421,-681.733643,86.572397,23.089750
422,-758.535945,71.177703,24.700000
423,-740.416247,60.339173,21.843750
424,-712.416467,82.171770,21.424000
425,-642.689739,84.663415,18.199500
426,-645.627411,85.521082,21.969500
427,-747.875128,73.918275,16.721750
428,-940.106492,92.100356,22.154000
429,-847.140378,74.779581,20.014365
430,-817.163547,63.453836,17.706682
431,-738.545401,105.554767,19.325405
432,-750.351785,97.552243,18.537704
433,-546.313756,96.858224,19.473750
434,-635.773723,74.723875,18.119750
435,-767.544604,87.788801,17.917066
436,-776.066589,88.133240,18.261235
437,-742.712123,71.650686,21.129488
438,-755.577472,102.207783,20.891500
439,-844.847766,108.964861,23.274000
440,-731.861892,94.932921,24.798000
441,-775.322297,83.691238,24.746000
442,-752.425761,100.673472,26.542000
443,-777.720904,85.956773,19.748636
444,-835.669837,72.871697,19.984000
445,-763.864193,100.169305,23.626000
446,-873.340824,109.582517,19.392000
447,-814.622250,88.456746,22.002000
448,-695.380126,69.021433,22.876000
449,-762.936329,81.480891,19.426971
450,-705.647699,70.081557,21.271500
451,-687.793855,67.589867,22.384000
452,-658.865279,93.116538,22.526000
453,-831.131557,101.932595,27.092000
454,-699.288760,87.982791,24.398000
455,-608.853249,74.904291,23.576000
456,-754.048134,92.287567,21.542000
457,-822.952797,79.708156,25.830000
458,-790.163174,68.183273,22.303500
459,-541.288714,109.448488,25.306000
460,-797.902495,99.439258,25.187500
461,-813.721660,95.650529,27.971500
462,-599.678776,73.566145,17.505359
463,-750.003702,81.746598,20.810547
464,-792.099929,79.920241,23.783750
465,-817.979153,76.359357,20.138000
466,-793.150349,102.162383,25.117173
467,-826.366583,111.921805,23.503500
468,-792.072501,91.956293,25.977301
469,-733.972417,72.017606,23.741500
470,-641.181830,92.296367,19.286000
471,-882.913713,86.060246,18.152000
472,-905.432723,72.848389,17.731750
473,-781.828657,107.926555,18.506000
474,-993.174329,97.753812,20.173500
475,-963.378120,108.240264,21.905675
476,-768.902567,72.014885,27.976000
477,-853.298408,86.358470,17.847750
478,-1026.654757,78.002465,18.706797
479,-731.558495,70.874024,18.744000
480,-734.493406,102.730820,18.309750
481,-942.091005,106.477134,21.334988
482,-834.589612,102.258488,23.699750
483,-895.321438,79.931520,21.376000
484,-746.884528,86.805963,17.684947
485,-831.248866,76.405145,17.705733
486,-836.274556,62.748803,17.296638
487,-864.492862,103.768556,20.496297
488,-1065.419141,112.989831,23.181814
489,-1076.469103,101.380834,20.798000
490,-1096.253235,86.787726,22.876000
491,-836.457642,97.057033,20.908881
492,-882.686629,83.331269,19.415380
493,-884.922620,70.090961,18.303500
494,-835.211742,102.052542,19.406000
495,-909.016683,107.599243,20.362575
496,-1147.189395,104.760444,19.717750
497,-822.868405,81.637628,23.176000
498,-934.460915,99.767033,19.968604
499,-1059.618282,78.501828,22.290857
500,-1041.020723,71.543853,18.730045
501,-1063.550612,101.978828,20.733030
502,-847.166362,102.016288,17.538016
503,-1260.946841,106.134894,22.994863
504,-874.446248,79.798024,17.589750
505,-776.682805,98.693110,18.283500
506,-835.288346,74.112858,16.723869
507,-845.787539,65.045690,18.300540
508,-712.627389,98.975580,23.372424
509,-989.590765,94.888074,20.781611
510,-967.596532,90.843134,21.005750
511,-863.372509,71.239776,15.276705
512,-852.544412,92.603076,18.024725
513,-849.781908,90.410804,17.789904
514,-1124.066038,76.148470,18.000000
515,-735.438157,101.256171,18.039985
516,-852.549008,97.103861,19.899500
517,-1070.499008,104.662069,18.945750
518,-1120.939812,95.352821,21.931750
519,-1063.901573,88.852381,19.292000
520,-1030.679739,81.645688,21.129274
521,-802.564056,71.544133,15.506137
522,-889.902668,101.104902,20.108997
523,-1044.189895,100.927686,18.103750
524,-907.230204,91.478413,26.744079
525,-1054.627011,82.209961,19.159397
526,-1190.576340,87.968127,27.179500
527,-911.650177,76.442824,20.664754
528,-875.959937,66.117577,19.558677
529,-1040.409946,102.157687,21.304780
530,-997.076997,107.521811,18.702908
531,-1204.572954,96.150243,20.032023
532,-1098.312560,82.812876,19.119945
533,-1183.607841,83.969952,26.201831
534,-1009.571883,78.050100,18.505750
535,-1046.719661,71.251995,18.909996
536,-1148.673712,99.262611,21.226000
537,-1058.549870,106.033560,17.221022
538,-692.613647,112.814553,25.998000
539,-840.852725,85.412895,22.336018
540,-1154.856994,88.479776,18.012000
541,-1041.543075,83.885707,19.064132
542,-751.408566,65.818424,17.417750
543,-1162.133837,99.477921,22.386888
544,-1234.512803,102.589240,20.900110
545,-832.452171,98.029297,22.998000
546,-1035.443624,80.479983,20.629214
547,-1071.698839,85.722326,21.765750
548,-1085.255498,75.472103,18.052406
549,-946.073418,65.421932,19.589500
550,-781.611858,103.121942,18.114000
551,-1165.493691,114.175364,21.203750
552,-934.362154,91.164190,19.497434
553,-1003.116653,79.747124,19.376000
554,-880.156362,81.337777,17.013844
555,-823.247063,67.623068,15.346269
556,-1014.264701,68.272912,16.822010
557,-796.889856,103.722712,16.934816
558,-1023.529484,105.462707,19.073750
559,-1096.220016,94.407080,26.894091
560,-988.836589,86.836672,24.207750
561,-1050.409910,89.950800,20.543266
562,-994.772292,73.883800,17.384000
563,-1236.009411,74.002258,26.980893
564,-1016.959166,105.172840,17.512440
565,-985.332455,91.631776,21.928000
566,-1216.195053,99.518042,22.740000
567,-1093.247917,76.580033,17.269874
568,-906.625933,89.146072,22.027338
569,-1107.704576,74.819848,18.237750
570,-854.273441,75.507052,15.804895
571,-917.441866,97.745768,19.479297
572,-1154.264388,108.575860,23.317750
573,-1271.147407,104.074551,18.863750
574,-1182.896130,87.276505,18.091750
575,-968.204711,91.645449,18.087750
576,-988.306161,83.647684,16.633750
577,-1040.104827,71.199554,18.205754
578,-1095.928464,108.247757,23.268805
579,-1085.438526,100.923401,22.746161
580,-1223.405434,102.939752,23.447470
581,-1128.599845,84.815297,18.322332
582,-1085.039133,87.217219,19.387750
583,-1144.445761,79.106464,16.181265
584,-1143.507704,73.949696,20.333686
585,-1061.290437,103.395027,19.092295
586,-1047.574769,101.294921,17.411750
587,-1294.749528,103.805537,25.773750
588,-1117.891360,81.191525,20.513889
589,-1036.959994,87.378132,18.935750
590,-942.116729,77.995902,21.927500
591,-1083.112296,83.338289,18.081750
592,-862.454159,101.838043,21.615039
593,-1142.920596,102.266105,25.861500
594,-988.037624,92.167044,22.344119
595,-820.759273,78.829611,19.730015
596,-1026.983950,91.189194,24.015139
597,-796.726900,72.037015,19.104000
598,-1001.731628,66.949960,18.259750
599,-1117.029405,112.151057,26.313750
600,-1085.624323,111.519329,17.842865
601,-981.493438,89.961159,22.105750
602,-898.247198,75.613209,18.289750
603,-904.165985,93.499126,21.904000
604,-902.623047,87.256318,18.160368
605,-909.036068,84.148975,23.017750
606,-1023.006037,101.621501,21.167750
607,-1001.967088,94.844804,20.383763
608,-1149.707597,91.810286,27.230775
609,-927.582593,78.430545,20.121750
610,-820.805826,88.157637,21.102483
611,-944.105117,85.031670,17.896500
612,-1076.717534,81.446044,26.455758
613,-1015.962134,105.829584,22.075057
614,-983.357805,101.156413,19.311181
615,-1071.123360,89.580248,23.138394
616,-1057.707023,82.398649,18.740937
617,-857.407215,99.153650,20.246659
618,-991.442468,88.487968,19.195332
619,-938.207736,81.575524,16.166261
620,-856.711176,111.756496,21.659086
621,-966.508314,101.128697,18.139039
622,-1034.886840,92.869699,21.273750
623,-1010.000577,84.361192,17.971750
624,-971.077241,82.591881,18.953169
625,-937.603319,89.830130,22.431895
626,-961.875233,78.039562,19.038299
627,-1028.786189,91.909948,24.319172
628,-923.873185,99.606328,19.211750
629,-1098.058453,102.423265,27.645741
630,-997.694613,82.863729,21.455726
631,-876.821322,93.399546,19.099750
632,-998.250540,87.910202,19.824009
633,-935.953334,77.501252,19.669716
634,-871.216137,98.649045,20.280250
635,-1084.845332,105.178965,23.411750
636,-1022.410289,99.607725,21.925143
637,-997.191171,76.393057,19.119750
638,-851.705601,92.516849,17.324881
639,-1183.223094,82.623399,22.383750
640,-892.743815,81.234868,17.125759
641,-1036.362191,99.756427,22.363750
642,-1038.265780,100.188991,18.517750
643,-1006.281564,102.523517,21.885600
644,-1178.349429,84.111111,27.169909
645,-852.249984,92.824070,21.041750
646,-955.790160,83.843453,19.235750
647,-908.076046,75.609113,19.562508
648,-1063.631336,106.424936,21.565348
649,-943.361018,114.062441,23.843434
650,-1010.293622,101.808111,22.364149
651,-1042.516022,79.195019,22.721750
652,-1000.854615,88.413923,20.051638
653,-1009.156614,85.661873,23.467390
654,-1098.190501,86.006683,21.720598
655,-961.079951,106.545641,22.651699
656,-963.822207,105.913096,21.331745
657,-1054.227673,96.419875,20.797710
658,-1063.290338,73.623129,26.426483
659,-1218.307004,92.420604,25.712535
660,-1266.968709,78.296327,29.775671
661,-1019.464291,68.892839,19.701750
662,-981.644097,112.893671,21.363750
663,-1007.662007,103.278188,21.774000
664,-1153.730001,93.562206,22.642975
665,-1019.343787,83.069030,18.565500
666,-926.012623,93.227198,21.827869
667,-940.993865,89.575068,18.060508
668,-1099.104565,78.943541,22.860465
669,-1085.724585,109.284313,21.547750
670,-1267.594041,120.176213,29.368000
671,-1135.694624,104.125596,25.148701
672,-1030.461080,77.501691,18.457351
673,-1012.293006,89.477033,18.385067
674,-1042.140900,85.620216,22.977750
675,-953.350532,80.068484,19.977096
676,-932.060527,107.978743,25.198708
677,-1081.729564,115.472337,26.955260
678,-1161.011941,94.831114,27.953750
679,-1107.671238,85.108735,31.203080
680,-932.510855,82.336736,21.405132
681,-1035.677563,85.329832,20.279309
682,-1023.885553,67.806228,19.324000
683,-909.999744,105.448787,23.487317
684,-1098.856505,107.032941,20.900000
685,-979.617290,99.759429,23.812673
686,-1084.628394,71.780406,21.942000
687,-1041.244368,86.865544,20.646000
688,-1236.406405,81.774570,25.452359
689,-1132.203737,66.307553,20.181750
690,-1168.769737,102.009296,22.758763
691,-1005.408446,96.265697,20.557750
692,-1173.522732,92.709649,24.268752
693,-901.852110,76.717609,20.589422
694,-1093.001205,96.862392,24.142358
695,-1170.535308,81.694319,22.390101
696,-1186.235762,68.679847,23.047610
697,-1014.430007,107.087923,21.739346
698,-975.884426,101.606441,19.759750
699,-1163.417838,94.416623,22.182000
700,-884.309510,84.547596,19.518439
701,-1044.966365,92.393300,21.493985
702,-1035.306395,74.306028,23.384681
703,-1166.817842,77.665526,25.844068
704,-1038.357801,99.969291,20.365750
705,-1068.171515,104.241925,22.593475
706,-1082.887033,99.150328,22.509000
707,-1123.172356,84.305238,20.642000
708,-955.072334,84.746790,19.781101
709,-1072.251719,81.316821,21.340000
710,-1002.122690,64.702171,20.601419
711,-915.027760,93.610801,26.374468
712,-1027.304101,101.529173,23.284007
713,-940.718965,93.670223,20.551932
714,-1046.503842,67.843635,26.076000
715,-919.040396,90.327491,22.047750
716,-1293.707061,80.217283,26.452000
717,-1117.721560,64.107470,23.222000
718,-907.744801,110.320887,21.811575
719,-1112.816144,97.621500,22.722241
720,-1051.189392,83.660519,24.651522
721,-1000.298846,75.992230,17.054774
722,-1043.022424,89.264250,21.613881
723,-994.827295,83.216299,22.145853
724,-1106.934895,81.367474,20.959750
725,-992.345151,98.093905,23.066941
726,-979.870021,109.642341,22.624829
727,-1093.292504,94.539505,26.582000
728,-803.469226,70.591213,23.489750
729,-926.114919,94.393314,19.346541
730,-1081.551160,75.760743,24.618790
731,-1207.262217,74.217548,28.044088
732,-868.108926,103.253268,21.791500
733,-964.790813,117.095679,26.669509
734,-805.755495,93.887202,22.143750
735,-1038.742449,83.297659,21.942000
736,-1014.239603,98.832565,27.143651
737,-1015.242801,80.950013,23.840860
738,-1121.150347,76.920979,24.217750
739,-845.538859,100.409783,19.247750
740,-1021.643473,100.587621,21.695750
741,-950.478917,105.567672,20.227750
742,-1056.090765,76.063614,24.997750
743,-1016.168067,89.190907,21.006714
744,-933.153959,79.833968,22.785750
745,-958.150340,69.387452,21.008736
746,-1131.851266,106.984464,22.881750
747,-1037.183337,101.187348,24.659750
748,-1036.727014,85.391812,26.094887
749,-878.903027,68.326382,22.266926
750,-1089.145334,91.221597,24.544604
751,-1089.661540,76.969845,26.785750
752,-980.587981,69.268380,21.700000
753,-895.426029,100.801249,26.391500
754,-1269.908795,112.824667,25.855750
755,-1006.468396,95.243021,23.202267
756,-1198.465033,77.188730,27.542000
757,-991.456001,98.018922,24.384000
758,-963.053328,85.861829,20.552431
759,-1161.512323,73.927180,24.467750
760,-788.097692,101.917940,26.281750
761,-1080.936222,103.884212,26.450000
762,-884.868275,96.580013,25.680000
763,-957.709392,70.268501,18.989750
764,-1172.638532,94.107857,25.689750
765,-1082.873455,78.404979,25.165750
766,-1296.607210,75.877896,22.822000
767,-795.010773,107.387354,20.066000
768,-1088.426808,99.053652,25.295313
769,-1032.163171,85.623874,23.338140
770,-1092.909519,75.460869,24.619750
771,-1136.035973,91.401654,23.033250
772,-864.153105,82.911850,24.183750
773,-989.376047,67.811826,22.785624
774,-1035.477672,100.379781,25.951354
775,-1287.800160,111.757999,23.200000
776,-1116.933103,94.146384,25.854158
777,-864.041418,70.915049,21.951508
778,-1026.185009,100.487294,21.271570
779,-1025.281795,75.155786,21.540000
780,-1084.876727,70.671551,19.100000
781,-841.328447,96.667509,28.391500
782,-1055.860388,96.346418,23.811313
783,-795.778112,83.202998,19.376780
784,-1286.345732,79.763842,28.119750
785,-955.011221,91.912062,24.804000
786,-1084.951513,83.493575,28.783750
787,-946.742567,65.025008,20.759750
788,-846.961868,104.293492,22.880310
789,-974.118904,94.598608,29.317750
790,-782.442823,82.371480,22.127750
791,-930.754939,66.532009,22.989750
792,-938.325192,83.776791,22.337822
793,-1206.163705,75.187083,24.082000
794,-1044.637831,67.484029,21.466873
795,-969.377187,96.782155,24.026735
796,-1033.738842,101.215563,24.586066
797,-992.670471,96.390166,25.040163
798,-913.533986,79.190674,23.519750
799,-981.059662,87.286515,23.124715
800,-1081.363059,73.621318,19.992015
801,-1038.219473,71.528132,26.594000
802,-986.030673,103.687205,24.084378
803,-1143.412037,97.893341,24.659750
804,-939.310296,82.631389,31.727750
805,-1132.023893,84.223167,27.089750
806,-1159.987581,80.781949,21.659842
807,-1105.203037,78.095271,23.221541
808,-1128.729856,70.370517,24.799229
809,-1063.170269,102.502043,20.739750
810,-1025.630860,107.311894,27.593359
811,-1029.588787,84.468711,22.391750
812,-1055.178008,69.841150,21.278000
813,-969.334952,88.378025,21.586000
814,-1205.286329,76.042159,25.027750
815,-1164.040594,61.992381,25.957039
816,-1034.919041,103.392644,23.293589
817,-1056.114243,103.544617,23.003159
818,-907.375008,93.427217,22.327750
819,-1053.320567,69.413389,20.242000
820,-1032.734099,82.842442,24.711158
821,-1009.750646,78.741582,21.549949
822,-1097.894845,69.525452,25.185358
823,-941.881488,92.676193,22.309695
824,-987.005274,95.681386,22.902991
825,-829.822893,92.777780,24.513547
826,-864.036235,76.244367,28.297750
827,-1091.055903,92.537826,24.808000
828,-1075.710470,74.841932,27.383750
829,-894.026515,62.823212,26.059750
830,-966.538441,98.829071,24.267750
831,-1080.990450,104.335879,21.886474
832,-1081.801684,88.843504,24.040215
833,-787.126378,69.519388,19.032507
834,-974.226845,88.082005,22.678158
835,-1215.984636,83.686070,24.083750
836,-1192.888568,64.982101,24.874000
837,-882.491121,98.976118,26.301578
838,-1066.741359,101.460310,28.084517
839,-791.670059,88.911867,22.905464
840,-811.257921,72.747767,21.890946
841,-1238.777219,85.890423,33.196000
842,-889.926769,69.372013,27.053418
843,-1089.450666,63.279190,22.459750
844,-887.274903,89.928747,22.758992
845,-871.594428,95.947532,27.417750
846,-812.718987,82.539869,27.561499
847,-826.209286,71.460677,21.421750
848,-868.487085,82.316023,26.384000
849,-940.082740,68.912947,37.568000
850,-997.184571,62.513250,25.867750
851,-897.125308,93.718772,28.147750
852,-1088.155616,89.003049,25.197420
853,-801.641556,83.084903,24.133711
854,-868.709855,82.856975,24.071750
855,-721.988630,82.582699,26.147750
856,-826.236135,69.908404,22.588407
857,-888.397111,69.707115,22.373142
858,-816.441073,101.337456,24.812603
859,-918.162109,101.882833,26.117750
860,-755.499929,90.376617,24.539500
861,-807.152233,72.533492,18.689750
862,-1016.905477,90.709102,22.425329
863,-1025.636940,75.491599,21.245821
864,-929.780799,70.091027,23.908780
865,-851.058504,93.903555,26.881750
866,-1153.421875,107.417912,25.771004
867,-894.430811,88.540527,28.839575
868,-716.972620,73.849270,19.534000
869,-757.057990,79.074961,23.404725
870,-891.149680,76.401261,30.168000
871,-852.141896,68.631688,23.773964
872,-737.491348,90.827441,24.026000
873,-740.586058,103.880854,25.071750
874,-649.528055,88.318116,21.598000
875,-729.420113,78.899664,20.429750
876,-935.238353,83.982723,24.847750
877,-907.521121,72.251875,23.468000
878,-803.113977,66.861553,21.670622
879,-740.092508,87.821092,22.193910
880,-757.900047,92.730893,19.577853
881,-858.736924,83.149906,23.394426
882,-767.696251,74.466877,22.043338
883,-861.486749,79.154215,18.332631
884,-851.298877,70.606796,22.283750
885,-923.591706,67.878584,19.181750
886,-842.541666,92.808761,25.634454
887,-852.980831,96.129837,23.871750
888,-793.645920,81.514223,21.457988
889,-713.087629,69.985454,22.476000
890,-769.828131,83.277254,19.947750
891,-769.277384,82.925328,19.685038
892,-810.880814,72.121932,24.237750
893,-753.959758,92.295072,24.166614
894,-867.199737,101.362139,23.422908
895,-774.792147,83.195351,21.285312
896,-847.842249,68.092754,23.689750
897,-771.384460,80.898469,23.447750
898,-850.765008,78.420743,24.183750
899,-953.259987,68.462877,25.208780
900,-790.508513,102.033173,23.739576
901,-942.199026,92.922094,30.833224
902,-746.398516,83.453636,21.688761
903,-862.984540,65.472307,21.471750
904,-925.845447,76.459795,25.389087
905,-1008.582659,73.971354,32.990000
906,-822.265615,68.923648,23.659750
907,-917.781638,104.598604,31.447750
908,-849.649159,91.755875,24.817750
909,-927.931924,74.581559,24.082250
910,-850.999626,66.048221,19.929352
911,-819.438360,80.976073,24.631228
912,-976.925746,80.525810,24.494700
913,-823.519075,61.850379,22.418250
914,-811.460100,96.639824,25.847750
915,-859.388527,98.537006,21.071750
916,-698.191059,83.679065,24.427750
917,-803.831454,72.689866,19.889750
918,-831.742742,75.572603,23.847750
919,-1031.298684,65.985619,20.752855
920,-928.404248,71.384409,22.757107
921,-723.692235,92.989775,23.196178
922,-937.547698,98.382812,23.874000
923,-663.529905,84.506617,21.336532
924,-672.448259,69.600105,20.989750
925,-860.882101,92.567157,19.127750
926,-978.904078,75.532724,24.502906
927,-931.227925,74.634143,25.739527
928,-828.107270,92.200095,23.526000
929,-1091.612833,98.685195,22.400360
930,-780.664970,83.857220,23.007890
931,-820.035644,72.135208,22.338466
932,-822.239603,87.748722,23.489313
933,-859.124630,65.719038,22.968968
934,-870.931200,68.169870,24.859750
935,-734.668747,99.785556,25.212487
936,-844.158558,91.999452,26.568378
937,-805.808476,80.686801,24.058472
938,-806.902439,68.626542,21.123673
939,-920.132827,80.088607,25.394920
940,-948.861472,78.774672,28.095750
941,-868.641785,72.812058,27.659750
942,-861.746762,92.787737,23.247750
943,-1087.383465,101.166721,22.292000
944,-764.410846,89.336252,21.095750
945,-931.745389,80.662268,20.597750
946,-879.361769,82.445000,25.113144
947,-1043.991560,76.708693,19.783750
948,-875.890027,66.613054,22.681500
949,-844.146715,88.704604,20.226000
950,-811.202978,99.125830,25.755750
951,-588.691446,86.467798,23.245250
952,-852.256112,64.741496,20.385750
953,-744.338089,85.183694,21.247750
954,-927.577608,77.529974,25.945107
955,-870.907018,69.480168,23.274613
956,-606.187938,93.935415,25.347750
957,-951.955797,94.112461,25.729750
958,-731.006679,82.245730,23.734778
959,-737.481459,71.240828,18.854000
960,-927.921602,90.579364,21.611618
961,-1041.191765,80.086580,29.091954
962,-862.500885,61.304498,27.552953
963,-747.996168,95.823621,26.525914
964,-795.670335,93.743538,26.317750
965,-705.397291,78.489873,22.405750
966,-746.073657,64.449640,20.732874
967,-858.364656,86.801906,21.020047
968,-1098.630918,69.834788,20.283750
969,-1128.628799,65.258521,28.967750
970,-763.615257,97.939138,22.378204
971,-870.339814,102.773390,22.329750
972,-725.387726,84.033413,24.637080
973,-754.364250,74.636604,20.019750
974,-804.909479,84.286760,23.247750
975,-825.264077,69.894015,20.783750
976,-877.433301,72.200266,23.385464
977,-887.722433,88.322602,24.947750
978,-803.211530,92.611235,21.340245
979,-896.024995,83.131250,26.887415
980,-784.070711,71.615465,21.219750
981,-822.242413,87.955013,24.947750
982,-913.130872,77.059039,28.583750
983,-862.899520,66.936328,23.250265
984,-821.209179,93.569003,27.295153
985,-856.953575,97.179934,24.745624
986,-689.368910,82.498923,19.843750
987,-795.604307,65.328567,20.940700
988,-675.220244,83.405769,23.335750
989,-965.038886,84.379550,31.346908
990,-898.094832,60.901502,24.859750
991,-732.838191,100.396514,27.104000
992,-734.824391,100.613966,19.980618
993,-706.975561,90.961205,21.651713
994,-689.901912,64.752395,21.329750
995,-805.588110,84.282857,22.151896
996,-1069.951673,66.986771,29.783750
997,-888.678311,67.625671,22.445750
998,-608.438651,94.922731,19.644908
999,-662.149022,95.850528,20.073500
1000,-688.765089,82.659042,21.643750
1001,-808.682974,72.784616,20.789750
1002,-835.570693,87.521478,23.763205
1003,-906.024156,71.435969,23.283750
1004,-932.476594,60.986390,27.659750
1005,-750.514012,91.355413,31.104000
1006,-800.642659,100.929640,23.646798
1007,-671.147178,78.432252,19.627750
1008,-894.616369,74.766488,22.961437
1009,-774.861482,86.657937,22.535750
1010,-960.926812,78.966305,23.580430
1011,-982.621843,71.863517,23.059750
1012,-767.241053,99.009930,25.347750
1013,-927.218014,92.156920,24.555750
1014,-873.862115,79.668896,24.373611
1015,-880.300784,73.769263,20.489750
1016,-975.451374,79.633883,24.304000
1017,-921.700588,78.449350,25.383750
1018,-976.994178,75.100716,26.359750
1019,-945.835593,99.817302,24.789209
1020,-819.206042,89.470008,24.383072
1021,-743.333625,79.521986,23.006028
1022,-829.694997,72.015453,21.289750
1023,-842.434921,88.071075,24.396780
1024,-879.810862,70.600688,26.433750
1025,-877.651860,71.037910,22.467750
1026,-726.469576,96.426724,24.755500
1027,-719.858542,94.725206,25.517750
1028,-763.322990,82.589149,23.269325
1029,-855.090225,76.620767,22.392249
1030,-829.236764,80.959962,21.296780
1031,-898.597784,84.114706,22.099750
1032,-859.916620,70.449216,24.065750
1033,-847.113514,97.182645,29.696780
1034,-816.803607,91.902937,22.614518
1035,-763.815888,88.570275,25.121205
1036,-850.575552,69.656506,18.499920
1037,-975.830992,86.519066,21.859845
1038,-763.135163,83.195995,23.933750
1039,-778.143501,65.569345,24.859750
1040,-704.402097,91.263967,24.243500
1041,-992.363016,91.900973,29.007154
1042,-796.881468,86.121146,22.763418
1043,-1144.667446,69.299152,21.417349
1044,-777.074657,89.249909,26.947750
1045,-831.333046,84.186233,24.695107
1046,-873.809875,70.876732,20.759750
1047,-800.186879,95.227757,26.347750
1048,-852.326835,95.653769,23.817750
1049,-719.667136,91.989292,24.902159
1050,-1062.779225,76.247986,28.885750
1051,-886.688842,85.490859,25.335750
1052,-999.728780,80.971467,23.568000
1053,-1055.357974,72.165134,28.406000
1054,-946.142315,105.564104,25.004000
1055,-917.592733,87.502115,23.635750
1056,-841.048915,97.184269,21.883781
1057,-965.133380,76.659037,25.934000
1058,-1227.536145,90.152928,41.074000
1059,-1266.345639,73.399574,33.068000
1060,-877.875558,68.555975,23.505090
1061,-1454.071702,97.279468,44.314000
1062,-946.897417,93.499455,24.355750
1063,-904.380213,92.536910,24.552000
1064,-757.615137,71.556698,25.044000
1065,-880.170919,80.274285,21.074026
1066,-1030.717448,79.627715,24.800207
1067,-1034.963148,73.702739,30.459750
1068,-840.968410,100.790575,24.038000
1069,-919.647689,103.102798,23.611750
1070,-1105.041063,89.911156,28.405750
1071,-802.014425,79.599808,20.544857
1072,-912.412681,86.035468,23.627750
1073,-1031.908422,85.528689,22.595107
1074,-894.610523,66.959665,25.359750
1075,-857.214068,93.703441,25.080780
1076,-1024.231029,93.010107,24.270421
1077,-1135.195067,99.029836,23.695750
1078,-845.827612,76.583358,24.043750
1079,-832.346709,84.622196,19.255052
1080,-1078.938658,79.900729,26.168000
1081,-1021.222863,77.751085,23.925078
1082,-776.160243,97.967528,23.481750
1083,-831.560176,90.776927,23.629107
1084,-899.462405,86.160440,22.537424
1085,-1544.815417,72.864464,45.034000
1086,-879.652140,87.849839,25.578000
1087,-1046.548102,72.941649,32.202949
1088,-819.635468,65.737304,20.171107
1089,-897.462473,102.584770,22.226000
1090,-895.167802,95.088127,21.471750
1091,-862.006753,92.776320,27.114746
1092,-951.214013,73.241926,20.431903
1093,-858.314274,88.013083,19.476266
1094,-869.541742,73.662567,19.127750
1095,-1125.288422,71.308942,25.100443
1096,-1130.820282,100.607497,27.826000
1097,-1006.486647,95.974515,21.655750
1098,-1074.041498,92.602509,26.225750
1099,-812.029032,69.623369,21.343750
1100,-945.148242,84.385500,18.829750
1101,-905.564969,72.240518,21.585750
1102,-894.753531,62.758938,20.450000
1103,-927.705880,100.098691,19.847750
1104,-805.235001,98.050344,21.391434
1105,-1011.474788,92.083643,24.981511
1106,-866.844931,64.145262,17.809107
1107,-881.506249,88.196839,21.447107
1108,-960.567044,76.089202,23.895107
1109,-892.880773,66.448812,20.565750
1110,-877.495481,94.794359,20.549041
1111,-847.165795,99.463077,20.863854
1112,-895.047413,87.097167,21.847750
1113,-886.968188,71.620196,19.443750
1114,-723.627470,87.965870,21.884000
1115,-940.653797,82.287536,24.283750
1116,-887.540087,75.431951,22.898782
1117,-852.401504,96.437898,25.217750
1118,-923.735126,97.599951,25.517750
1119,-854.335784,91.170790,22.423750
1120,-899.187880,67.297221,20.143750
1121,-982.052299,94.860093,25.347750
1122,-913.445206,76.505965,22.825750
1123,-907.152718,70.975582,18.559750
1124,-816.003363,93.373860,24.332843
1125,-841.316906,101.325665,24.135750
1126,-776.221871,83.844302,20.505750
1127,-972.887288,83.442368,21.719750
1128,-767.997867,86.428356,25.204000
1129,-799.805410,72.054294,25.183750
1130,-979.032783,67.039437,24.565750
1131,-837.236736,93.127786,23.481750
1132,-776.743739,95.205251,21.874000
1133,-923.285588,95.748764,23.923750
1134,-882.941957,70.426167,22.044000
1135,-811.571191,79.965666,22.889750
1136,-933.786939,80.725856,19.883750
1137,-930.874473,61.612352,21.637095
1138,-734.552673,101.523769,23.459107
1139,-843.388357,97.960502,26.686925
1140,-823.152719,80.133039,24.251232
1141,-876.861413,72.981387,19.285750
1142,-856.787448,78.828189,26.767357
1143,-926.121720,69.048893,25.644097
1144,-1105.271750,75.258810,19.289948
1145,-758.119380,95.839405,21.769750
1146,-886.418416,98.873849,28.117750
1147,-1001.733795,94.382410,26.323750
1148,-907.252333,74.971160,25.228000
1149,-861.718018,94.470884,26.670804
1150,-762.048170,73.100881,25.537019
1151,-1041.452507,61.150838,20.746377
1152,-805.091472,95.754513,25.773659
1153,-749.411299,92.947068,19.993750
1154,-807.549006,90.092486,25.595750
1155,-1075.719857,77.827748,21.815485
1156,-920.947743,84.344729,26.755750
1157,-792.038553,83.976456,22.533750
1158,-885.298935,65.080649,21.481750
1159,-815.787031,103.977313,24.065750
1160,-880.296313,96.871872,26.617750
1161,-851.808641,89.063023,24.860683
1162,-924.461505,77.635161,20.943750
1163,-733.022093,88.072254,21.247750
1164,-985.866214,75.123913,20.084223
1165,-797.861127,59.937137,19.971107
1166,-752.495190,99.951243,24.342342
1167,-707.395801,94.437590,21.955750
1168,-791.404293,82.654121,24.119817
1169,-733.574483,68.493906,20.054000
1170,-814.137300,87.104464,25.874000
1171,-908.862551,70.615543,22.504000
1172,-933.062686,66.388059,23.550131
1173,-810.228324,92.205764,24.273598
1174,-856.230258,100.770479,24.093750
1175,-898.260697,87.918724,18.247750
1176,-952.328695,74.704782,24.409107
1177,-924.003770,82.898071,25.427750
1178,-786.090884,76.259241,20.648887
1179,-870.224987,65.248557,20.353750
1180,-750.181824,96.276639,25.970676
1181,-877.145879,89.956731,27.271750
1182,-820.983011,88.798300,26.149655
1183,-872.070482,72.382573,19.885750
1184,-861.463653,78.876921,24.527061
1185,-907.780122,79.345446,20.627375
1186,-867.187813,72.771328,20.959750
1187,-795.453939,96.784781,21.039750
1188,-865.380093,110.158021,25.809017
1189,-1082.719704,89.408301,27.841894
1190,-922.869598,68.435643,21.671750
1191,-750.373738,75.552295,21.827750
1192,-1012.994808,76.933332,23.342406
1193,-967.337915,63.837424,22.516000
1194,-768.400048,96.156607,19.645363
1195,-714.956886,95.349293,19.581415
1196,-692.204159,88.171830,20.747750
1197,-778.777260,73.849577,19.834276
1198,-758.682666,74.434454,20.663936
1199,-902.407136,76.796704,19.997750
1200,-957.716531,61.956447,21.820627
1201,-727.795715,104.781943,19.604995
1202,-1005.705866,94.291745,26.553629
1203,-1112.452076,90.317015,29.486000
1204,-936.183603,73.597751,24.144000
1205,-951.773500,82.503027,24.689750
1206,-843.339176,73.399897,21.288394
1207,-927.265890,72.746517,20.865750
1208,-797.591842,100.427288,20.747750
1209,-829.923797,98.507116,22.293750
1210,-1042.797439,92.508716,19.595750
1211,-907.498517,70.847975,19.558170
1212,-713.262548,83.723788,18.547750
1213,-912.689539,82.049512,20.683750
1214,-1097.165474,60.622076,26.617750
1215,-902.313926,95.284899,25.225750
1216,-940.629554,92.649095,19.004454
1217,-1226.460158,94.544033,25.047750
1218,-1081.409403,73.452274,21.819750
1219,-790.961576,73.592096,20.066912
1220,-848.167442,71.161961,18.635192
1221,-915.656869,54.106153,20.737022
1222,-810.418774,95.364669,22.212000
1223,-911.663276,104.734686,22.147107
1224,-750.604621,82.825819,22.058000
1225,-888.400954,71.442883,24.171750
1226,-874.883896,89.265599,21.699750
1227,-903.477359,81.287802,23.932780
1228,-930.562988,62.779746,21.581750
1229,-791.704247,94.379537,21.712000
1230,-781.510542,95.232219,20.971750
1231,-701.915927,80.810844,20.332290
1232,-805.318989,67.912667,22.543750
1233,-826.970461,86.524258,19.927750
1234,-874.292554,73.450344,20.183750
1235,-940.320579,64.609359,21.935948
1236,-917.594521,92.430493,23.828153
1237,-764.542784,96.128360,20.754445
1238,-854.293694,88.698365,23.923750
1239,-934.229303,67.566568,17.885750
1240,-845.413597,83.011602,23.260654
1241,-1022.282746,83.582047,21.684000
1242,-939.425886,75.226993,26.059750
1243,-694.485619,94.793753,25.859107
1244,-783.060916,98.610098,23.050000
1245,-839.611601,81.649460,22.304045
1246,-843.143275,70.580961,23.471750
1247,-917.287579,79.398606,24.184108
1248,-898.599305,74.315974,23.275750
1249,-861.262201,67.008197,18.917750
1250,-823.575995,90.991412,19.722000
1251,-835.088999,90.953112,20.397750
1252,-885.448799,92.142806,23.925750
1253,-951.611842,68.259359,18.393388
1254,-785.420522,71.975984,20.747750
1255,-1076.876703,75.326953,27.361750
1256,-1007.851183,60.783913,22.443750
1257,-1094.014283,93.346035,25.826000
1258,-769.041775,96.673432,20.911750
1259,-1018.664670,87.383376,25.123750
1260,-890.550204,79.388616,20.585750
1261,-802.425520,87.040005,21.637750
1262,-1137.439847,71.993402,18.732000
1263,-1146.306062,69.761962,20.643750
1264,-1136.669816,98.162551,28.023750
1265,-805.318381,91.068098,25.867228
1266,-867.252491,87.179822,20.314454
1267,-958.770536,66.065845,22.823223
1268,-734.578783,89.684019,20.029750
1269,-1209.841487,82.835481,22.725750
1270,-871.007760,72.898803,22.569410
1271,-728.542279,91.456189,21.890705
1272,-865.754634,98.004672,24.804454
1273,-810.216277,81.670100,28.242730
1274,-787.972531,69.391410,23.309107
1275,-883.251829,78.741755,20.406306
1276,-1049.804453,74.301098,20.805987
1277,-936.633868,57.030300,19.633302
1278,-880.698771,96.711560,22.925873
1279,-833.232140,93.057426,21.097628
1280,-741.834437,74.257768,19.855107
1281,-970.004966,73.183420,20.143750
1282,-839.777180,84.454064,21.127750
1283,-980.520068,72.584141,20.698295
1284,-1054.464349,68.623443,21.973750
1285,-847.263861,87.357211,24.586904
1286,-838.020851,97.538292,19.743750
1287,-733.601855,94.756250,22.043750
1288,-849.940691,70.767200,19.754327
1289,-780.691308,83.636049,20.887750
1290,-1055.690100,78.345028,22.641110
1291,-938.790143,70.670978,22.137750
1292,-880.946971,104.825083,23.269750
1293,-857.943832,105.565169,25.194000
1294,-1390.800728,88.441447,31.123527
1295,-979.300102,75.286236,19.771750
1296,-817.442138,79.269832,20.440236
1297,-1220.624705,73.547458,26.661750
1298,-819.120969,62.741354,18.971107
1299,-883.860699,93.767186,21.034454
1300,-753.735818,92.789446,16.896299
1301,-884.032745,84.091655,27.975434
1302,-911.390817,75.323666,20.297750
1303,-953.867301,80.270984,21.396780
1304,-769.371236,74.277049,20.480208
1305,-911.618395,64.220845,24.108780
1306,-908.404856,93.809064,21.212000
1307,-971.377060,92.870667,29.817750
1308,-1556.710336,85.110053,29.201750
1309,-779.253439,71.616984,18.574395
1310,-842.922403,82.672513,25.147750
1311,-1223.867063,77.089090,21.627750
1312,-1118.964011,66.145829,24.273750
1313,-1018.272946,100.427486,31.409750
1314,-855.505784,88.067531,20.793750
1315,-1342.533766,89.986024,28.145750
1316,-917.512540,74.679209,20.400000
1317,-1119.789927,83.616934,23.229750
1318,-886.904703,72.479297,23.307068
1319,-1140.232092,60.986995,22.079565
1320,-914.095811,106.443962,29.074066
1321,-768.807194,97.350016,24.359750
1322,-1037.990607,91.673672,22.383034
1323,-958.204372,74.642576,20.900000
1324,-941.995104,78.549146,24.475099
1325,-989.653129,80.914688,22.977750
1326,-1043.266386,61.695731,25.345845
1327,-764.916250,101.104429,31.747750
1328,-698.187087,92.204745,20.417750
1329,-821.934819,82.434273,23.891148
1330,-799.807959,80.838811,20.842000
1331,-991.988300,85.365106,27.577246
1332,-1065.776494,79.119847,24.585750
1333,-909.600590,56.138956,20.106922
1334,-934.374320,91.111234,21.948008
1335,-1026.009486,103.736601,24.611750
1336,-811.043060,76.382197,24.972057
1337,-718.350134,71.108367,20.643750
1338,-856.424954,83.676344,23.527750
1339,-897.408452,76.670496,22.540000
1340,-804.336512,63.025896,17.907101
1341,-745.496059,99.693483,23.915917
1342,-675.956728,95.889866,19.917750
1343,-878.911968,80.340829,23.349027
1344,-749.171087,77.308843,18.671750
1345,-883.532402,88.582592,20.927750
1346,-1224.296040,84.971929,24.433750
1347,-1152.464997,69.610746,21.552795
1348,-840.941349,88.275443,22.411750
1349,-886.738516,97.722394,17.795750
1350,-778.912180,82.136783,25.327750
1351,-870.674496,72.067249,20.285750
1352,-826.783815,85.005252,21.068176
1353,-958.417176,86.103339,22.385477
1354,-820.819475,63.707051,21.324000
1355,-827.703718,101.081313,25.173312
1356,-854.895290,90.223901,20.117750
1357,-790.433586,87.933628,20.543750
1358,-743.161195,69.676169,18.871750
1359,-695.733854,84.155743,19.551750
1360,-953.282187,72.802490,21.196696
1361,-1022.750332,64.181553,20.301750
1362,-850.443447,99.771271,21.000066
1363,-1007.211699,98.147988,27.817750
1364,-836.089969,78.544442,25.096862
1365,-771.579472,64.165762,25.546000
1366,-797.864140,84.891453,25.804000
1367,-874.851080,76.107469,25.448040
1368,-917.207374,62.381677,21.550000
1369,-800.821373,101.878326,20.742333
1370,-676.269705,98.321238,25.593911
1371,-738.777755,78.073857,26.025765
1372,-738.204681,64.286202,18.587750
1373,-908.620712,87.263886,20.547750
1374,-969.764913,72.895626,23.341128
1375,-1024.512418,65.359571,22.459750
1376,-811.902817,96.163129,21.955750
1377,-952.605056,96.523470,25.029750
1378,-869.151413,80.353814,20.925750
1379,-831.516680,68.648754,23.706966
1380,-1184.548956,88.686916,21.061102
1381,-963.398548,70.598048,24.275850
1382,-1078.619593,65.676487,22.059750
1383,-722.214928,86.145596,20.265349
1384,-1089.771038,104.687651,24.897750
1385,-718.244902,76.868720,22.824810
1386,-848.755800,74.440526,18.865750
1387,-895.456499,91.265487,20.247750
1388,-995.183279,82.089966,21.400443
1389,-975.190192,62.924522,20.465750
1390,-995.570463,98.674150,25.426000
1391,-871.593643,96.865629,18.636150
1392,-739.584585,84.117120,22.743750
1393,-740.668334,67.589372,19.952791
1394,-793.521472,90.434106,21.636020
1395,-1057.135045,76.158596,22.503468
1396,-922.560428,64.711482,18.791899
1397,-833.867866,99.385765,28.259986
1398,-870.982337,100.444648,26.455750
1399,-880.576581,80.355385,24.292383
1400,-915.738365,73.748378,23.321750
1401,-831.217793,85.494674,20.927750
1402,-980.193937,87.144706,23.302863
1403,-992.123468,66.205033,24.943750
1404,-835.614637,89.422570,24.300175
1405,-813.434965,98.215879,25.558815
1406,-771.885121,77.173175,24.359383
1407,-886.463133,84.980263,22.642000
1408,-921.566760,87.138535,19.596780
1409,-960.969520,81.781596,22.883229
1410,-855.281707,61.713839,19.581664
1411,-806.766914,96.930614,23.577274
1412,-905.114366,104.088417,22.705750
1413,-730.307770,90.464710,22.618779
1414,-866.650993,62.481743,21.285750
1415,-990.702955,79.762190,26.649354
1416,-941.911632,77.053871,20.795750
1417,-969.462714,64.379847,22.343750
1418,-904.890784,99.639987,21.411750
1419,-862.292934,96.414058,21.321193
1420,-688.902402,81.626899,23.247750
1421,-678.955063,69.279497,18.729750
1422,-815.434852,86.791239,22.311107
1423,-980.258853,82.338289,18.185750
1424,-811.107175,71.786204,21.064402
1425,-864.879196,101.840592,22.815297
1426,-1041.525256,112.174536,24.149429
1427,-729.922506,88.462585,18.825750
1428,-760.055546,70.095497,21.362985
1429,-817.970027,86.953286,22.547750
1430,-840.893434,70.994277,22.645107
1431,-904.793824,70.850231,21.759750
1432,-920.748279,92.040116,22.366000
1433,-841.302298,101.983149,20.122336
1434,-749.682204,83.804375,22.896991
1435,-830.651122,80.854347,21.219750
1436,-952.614137,82.175337,21.034454
1437,-911.056810,81.703336,19.133750
1438,-865.806677,61.374144,19.508780
1439,-769.050173,98.066962,25.752923
1440,-968.863496,100.151116,22.259750
1441,-834.378144,80.430538,24.581882
1442,-745.812859,71.683169,22.243750
1443,-890.379469,84.490371,23.620360
1444,-921.600576,78.701324,18.927750
1445,-1006.406174,65.731422,22.527319
1446,-869.993735,99.007294,21.503728
1447,-716.282863,97.763251,22.455750
1448,-731.109210,75.448846,22.543750
1449,-795.555715,62.619055,23.021750
1450,-888.332922,85.158898,23.185399
1451,-919.383944,78.508601,22.702750
1452,-957.038440,71.050146,19.634751
1453,-828.036799,98.120411,19.940488
1454,-900.166180,98.275905,21.135750
1455,-706.530767,83.872840,22.208818
1456,-657.858359,69.581233,19.019823
1457,-827.869466,82.136924,20.841687
1458,-747.498997,86.334111,20.727750
1459,-1032.018344,64.157026,20.164437
1460,-975.756232,103.317444,21.712000
1461,-714.210443,97.777478,21.737750
1462,-781.818782,83.275010,21.505022
1463,-757.321855,71.322576,21.471434
1464,-961.390853,78.279420,29.329750
1465,-920.331798,75.972671,22.532780
1466,-924.477824,71.888369,23.791611
1467,-842.293081,100.984087,18.712000
1468,-838.719601,93.436124,18.813965
1469,-738.794555,79.797422,25.843750
1470,-735.997566,75.599300,18.797750
1471,-782.318942,80.417752,23.835750
1472,-1130.441970,80.504457,20.727750
1473,-791.710049,77.072107,23.671107
1474,-1012.428206,101.223486,27.409750
1475,-725.803313,95.276474,21.612598
1476,-728.220841,85.635495,21.611986
1477,-801.870633,74.316949,20.812725
1478,-837.377212,83.579696,23.547107
1479,-1020.408496,76.122609,20.487525
1480,-1099.756014,74.021920,20.508780
1481,-881.230745,93.217506,26.147750
1482,-878.426582,94.767763,21.671107
1483,-678.134277,93.964360,24.655440
1484,-669.289692,69.722758,19.597750
1485,-912.099745,79.146648,23.046000
1486,-1069.352935,83.328450,26.351728
1487,-1133.536137,76.566127,20.794000
1488,-958.431562,98.858622,25.347750
1489,-994.107771,103.646907,21.959750
1490,-760.878615,84.205278,21.591750
1491,-905.601791,72.860227,29.432000
1492,-889.127082,79.974285,24.786000
1493,-961.088438,75.150745,26.079213
1494,-1003.050165,59.158042,24.859750
1495,-778.144929,95.212956,18.647750
1496,-865.335847,92.637186,20.197750
1497,-813.970205,81.518993,20.766660
1498,-742.334332,72.479723,18.255640
1499,-1041.988586,76.253486,22.547750
